{"cameraMode":{"drawMode":0,"name":"Shaded","section":"Shading Mode"},"sceneLighting":true,"audioPlay":false,"sceneViewState":{"showFog":true,"showMaterialUpdate":false,"showSkybox":true,"showFlares":true,"showImageEffects":true,"showParticleSystems":true},"in2DMode":false,"pivot":{"x":92.3863525390625,"y":41.84171676635742,"z":-45.310890197753909},"rotation":{"x":-0.12282382696866989,"y":0.6599315404891968,"z":-0.11040395498275757,"w":-0.7330747842788696},"size":2.454010486602783,"orthographic":false}