{"cameraMode":{"drawMode":0,"name":"Shaded","section":"Shading Mode"},"sceneLighting":false,"audioPlay":false,"sceneViewState":{"showFog":true,"showMaterialUpdate":false,"showSkybox":true,"showFlares":true,"showImageEffects":true,"showParticleSystems":true},"in2DMode":false,"pivot":{"x":96.08536529541016,"y":38.58403778076172,"z":-45.203399658203128},"rotation":{"x":-0.028796251863241197,"y":-0.9602298140525818,"z":0.25586462020874026,"w":-0.10854911059141159},"size":0.8052382469177246,"orthographic":false}