{"cameraMode":{"drawMode":0,"name":"Shaded","section":"Shading Mode"},"sceneLighting":true,"audioPlay":false,"sceneViewState":{"showFog":true,"showMaterialUpdate":false,"showSkybox":true,"showFlares":true,"showImageEffects":true,"showParticleSystems":true},"in2DMode":false,"pivot":{"x":78.11376953125,"y":2.8857421875,"z":38.923828125},"rotation":{"x":0.08048087358474732,"y":0.2141813486814499,"z":-0.017709972336888315,"w":0.9733116030693054},"size":7.633440971374512,"orthographic":true}