{"cameraMode":{"drawMode":0,"name":"Shaded","section":"Shading Mode"},"sceneLighting":true,"audioPlay":false,"sceneViewState":{"showFog":true,"showMaterialUpdate":false,"showSkybox":true,"showFlares":true,"showImageEffects":true,"showParticleSystems":true},"in2DMode":false,"pivot":{"x":92.54056549072266,"y":38.149871826171878,"z":-43.053382873535159},"rotation":{"x":-0.15724891424179078,"y":0.35689446330070498,"z":-0.0610765740275383,"w":-0.9188048243522644},"size":3.3068933486938478,"orthographic":false}