{"cameraMode":{"drawMode":0,"name":"Shaded","section":"Shading Mode"},"sceneLighting":false,"audioPlay":false,"sceneViewState":{"showFog":true,"showMaterialUpdate":false,"showSkybox":true,"showFlares":true,"showImageEffects":true,"showParticleSystems":true},"in2DMode":false,"pivot":{"x":-2.9802322387695315e-8,"y":0.007012499496340752,"z":-0.0030792132019996645},"rotation":{"x":-0.1429891735315323,"y":0.707616925239563,"z":-0.1496785283088684,"w":-0.6756444573402405},"size":0.759519636631012,"orthographic":false}