{"cameraMode":{"drawMode":0,"name":"Shaded","section":"Shading Mode"},"sceneLighting":true,"audioPlay":false,"sceneViewState":{"showFog":true,"showMaterialUpdate":false,"showSkybox":true,"showFlares":true,"showImageEffects":true,"showParticleSystems":true},"in2DMode":false,"pivot":{"x":95.42969512939453,"y":38.825740814208987,"z":-45.12672805786133},"rotation":{"x":0.014426259323954583,"y":0.726409375667572,"z":0.015258915722370148,"w":-0.6869560480117798},"size":0.5081309080123901,"orthographic":false}