{"cameraMode":{"drawMode":0,"name":"Shaded","section":"Shading Mode"},"sceneLighting":true,"audioPlay":false,"sceneViewState":{"showFog":true,"showMaterialUpdate":false,"showSkybox":true,"showFlares":true,"showImageEffects":true,"showParticleSystems":true},"in2DMode":false,"pivot":{"x":94.71729278564453,"y":39.71160125732422,"z":-44.029300689697269},"rotation":{"x":0.07505299150943756,"y":-0.24169588088989259,"z":0.01860889606177807,"w":0.9673624634742737},"size":1.763540267944336,"orthographic":false}