{"cameraMode":{"drawMode":0,"name":"Shaded","section":"Shading Mode"},"sceneLighting":true,"audioPlay":false,"sceneViewState":{"showFog":true,"showMaterialUpdate":false,"showSkybox":true,"showFlares":true,"showImageEffects":true,"showParticleSystems":true},"in2DMode":false,"pivot":{"x":93.0762710571289,"y":38.50080108642578,"z":-43.59929656982422},"rotation":{"x":0.27298232913017275,"y":-0.4914475977420807,"z":0.16548961400985719,"w":0.8103505969047546},"size":0.7397715449333191,"orthographic":false}