{"cameraMode":{"drawMode":0,"name":"Shaded","section":"Shading Mode"},"sceneLighting":true,"audioPlay":false,"sceneViewState":{"showFog":true,"showMaterialUpdate":false,"showSkybox":true,"showFlares":true,"showImageEffects":true,"showParticleSystems":true},"in2DMode":false,"pivot":{"x":96.35455322265625,"y":38.54021453857422,"z":-45.08982849121094},"rotation":{"x":-0.08882074803113938,"y":-0.6979767680168152,"z":0.08806262910366059,"w":-0.7052005529403687},"size":1.4781737327575684,"orthographic":false}