{"cameraMode":{"drawMode":0,"name":"Shaded","section":"Shading Mode"},"sceneLighting":true,"audioPlay":false,"sceneViewState":{"showFog":true,"showMaterialUpdate":false,"showSkybox":true,"showFlares":true,"showImageEffects":true,"showParticleSystems":true},"in2DMode":false,"pivot":{"x":10.075600624084473,"y":2.077587366104126,"z":2.0078125},"rotation":{"x":0.06457306444644928,"y":0.9176197052001953,"z":0.16697847843170167,"w":-0.3548557460308075},"size":7.390773773193359,"orthographic":true}