{"cameraMode":{"drawMode":0,"name":"Shaded","section":"Shading Mode"},"sceneLighting":false,"audioPlay":false,"sceneViewState":{"showFog":true,"showMaterialUpdate":false,"showSkybox":true,"showFlares":true,"showImageEffects":true,"showParticleSystems":true},"in2DMode":false,"pivot":{"x":0.20625030994415284,"y":-0.13043473660945893,"z":1.4422881603240967},"rotation":{"x":-0.0373925119638443,"y":-0.07248657196760178,"z":0.0027204095385968687,"w":-0.9966682195663452},"size":1.3468395471572877,"orthographic":true}