{"cameraMode":{"drawMode":0,"name":"Shaded","section":"Shading Mode"},"sceneLighting":true,"audioPlay":false,"sceneViewState":{"showFog":true,"showMaterialUpdate":false,"showSkybox":true,"showFlares":true,"showImageEffects":true,"showParticleSystems":true},"in2DMode":false,"pivot":{"x":99.19853210449219,"y":39.09748840332031,"z":-41.67380905151367},"rotation":{"x":0.13133926689624787,"y":0.5462839603424072,"z":-0.08737581223249436,"w":0.8227221369743347},"size":9.617375373840332,"orthographic":false}