{"cameraMode":{"drawMode":0,"name":"Shaded","section":"Shading Mode"},"sceneLighting":true,"audioPlay":false,"sceneViewState":{"showFog":true,"showMaterialUpdate":false,"showSkybox":true,"showFlares":true,"showImageEffects":true,"showParticleSystems":true},"in2DMode":false,"pivot":{"x":12.492506980895996,"y":1.2446000576019288,"z":2.0894341468811037},"rotation":{"x":-0.02413213811814785,"y":0.9179537296295166,"z":-0.05652536824345589,"w":-0.39189738035202029},"size":11.586162567138672,"orthographic":true}