{"cameraMode":{"drawMode":0,"name":"Shaded","section":"Shading Mode"},"sceneLighting":true,"audioPlay":false,"sceneViewState":{"showFog":true,"showMaterialUpdate":false,"showSkybox":true,"showFlares":true,"showImageEffects":true,"showParticleSystems":true},"in2DMode":false,"pivot":{"x":100.58609008789063,"y":38.550743103027347,"z":-44.4278450012207},"rotation":{"x":0.009410904720425606,"y":-0.6638303995132446,"z":-0.008382522501051426,"w":-0.7478488683700562},"size":5.7101922035217289,"orthographic":false}