{"cameraMode":{"drawMode":0,"name":"Shaded","section":"Shading Mode"},"sceneLighting":false,"audioPlay":false,"sceneViewState":{"showFog":true,"showMaterialUpdate":false,"showSkybox":true,"showFlares":true,"showImageEffects":true,"showParticleSystems":true},"in2DMode":false,"pivot":{"x":-0.013450892642140389,"y":-0.03467819094657898,"z":0.17728473246097566},"rotation":{"x":-0.4075346887111664,"y":0.03151015192270279,"z":-0.014027041383087635,"w":-0.9125753045082092},"size":0.456740140914917,"orthographic":false}