{"cameraMode":{"drawMode":0,"name":"Shaded","section":"Shading Mode"},"sceneLighting":true,"audioPlay":false,"sceneViewState":{"showFog":true,"showMaterialUpdate":false,"showSkybox":true,"showFlares":true,"showImageEffects":true,"showParticleSystems":true},"in2DMode":false,"pivot":{"x":75.84014892578125,"y":2.2127978801727297,"z":40.695133209228519},"rotation":{"x":-0.0009713626350276172,"y":0.7620005011558533,"z":-0.0011430018348619342,"w":-0.6475746631622315},"size":1.5803077220916749,"orthographic":false}